{"Train Loss": 0.6627066731452942, "Eval Loss": 0.6627066731452942, "Eval fscore": 0.9656910852731527, "epoch": 10, "_timestamp": 1648353271, "_runtime": 353, "_step": 10}