{"Train Loss": 13.307392120361328, "Eval Loss": 13.307392120361328, "Eval fscore": 0.3204573637214258, "epoch": 35, "_timestamp": 1647698563, "_runtime": 705, "_step": 35}