{"Train Loss": 0.6582144498825073, "Eval Loss": 0.6582144498825073, "Eval fscore": 0.9667741745692999, "epoch": 22, "_timestamp": 1648352045, "_runtime": 561, "_step": 22}