{"Train Loss": 11.096792221069336, "Eval Loss": 11.096792221069336, "Eval fscore": 0.4997067859282075, "epoch": 14, "_timestamp": 1647700362, "_runtime": 295, "_step": 14}