{"Train Loss": 12.798317909240723, "Eval Loss": 12.798317909240723, "Eval fscore": 0.4642970241649413, "epoch": 0, "_timestamp": 1647708749, "_runtime": 83, "_step": 0}