{"Train Loss": 11.076778411865234, "Eval Loss": 11.076778411865234, "Eval fscore": 0.5000175276171479, "epoch": 41, "_timestamp": 1647699525, "_runtime": 810, "_step": 41, "_wandb": {"runtime": 892}}