{"Train Loss": 5.48889684677124, "Eval Loss": 5.48889684677124, "Eval fscore": 0.7308953411306546, "epoch": 42, "_timestamp": 1647703391, "_runtime": 557, "_step": 42, "_wandb": {"runtime": 866}}